DKNG,,,FUBO,,,WWE,,,NKE,
Date,Close,,Date,Close,,Date,Close,,Date,Close
7/25/2019 16:00,9.8,,3/25/2019 16:00,9.75,,3/25/2019 16:00,87.23,,3/25/2019 16:00,82.33
8/7/2019 16:00,9.76,,3/26/2019 16:00,9.75,,3/26/2019 16:00,88.29,,3/26/2019 16:00,83.38
8/13/2019 16:00,9.78,,3/27/2019 16:00,9.99,,3/27/2019 16:00,84.87,,3/27/2019 16:00,83.09
8/20/2019 16:00,9.85,,4/1/2019 16:00,10,,3/28/2019 16:00,86,,3/28/2019 16:00,84.04
8/27/2019 16:00,9.85,,4/2/2019 16:00,7.1,,3/29/2019 16:00,86.78,,3/29/2019 16:00,84.21
8/28/2019 16:00,9.85,,4/3/2019 16:00,7.5,,4/1/2019 16:00,87.2,,4/1/2019 16:00,85.23
9/18/2019 16:00,9.9,,4/4/2019 16:00,7.46,,4/2/2019 16:00,87.45,,4/2/2019 16:00,84.37
9/20/2019 16:00,9.85,,4/5/2019 16:00,7.87,,4/3/2019 16:00,89.1,,4/3/2019 16:00,84.47
9/24/2019 16:00,9.85,,4/8/2019 16:00,8.5,,4/4/2019 16:00,89.73,,4/4/2019 16:00,85.28
9/26/2019 16:00,9.85,,4/9/2019 16:00,8,,4/5/2019 16:00,89.15,,4/5/2019 16:00,85.4
10/1/2019 16:00,9.92,,4/10/2019 16:00,7.5,,4/8/2019 16:00,90.03,,4/8/2019 16:00,84.73
10/3/2019 16:00,9.89,,4/11/2019 16:00,8,,4/9/2019 16:00,91.04,,4/9/2019 16:00,84.28
10/4/2019 16:00,9.92,,4/12/2019 16:00,7.7,,4/10/2019 16:00,94.18,,4/10/2019 16:00,84.88
10/9/2019 16:00,9.92,,4/16/2019 16:00,7.46,,4/11/2019 16:00,95.06,,4/11/2019 16:00,85
10/15/2019 16:00,9.95,,4/17/2019 16:00,7.46,,4/12/2019 16:00,96.1,,4/12/2019 16:00,86.24
10/16/2019 16:00,9.93,,4/18/2019 16:00,7.5,,4/15/2019 16:00,97.25,,4/15/2019 16:00,86.83
10/17/2019 16:00,9.95,,4/22/2019 16:00,7.21,,4/16/2019 16:00,98.1,,4/16/2019 16:00,87.8
10/18/2019 16:00,9.95,,4/23/2019 16:00,7.25,,4/17/2019 16:00,96.11,,4/17/2019 16:00,88.73
10/21/2019 16:00,9.92,,4/26/2019 16:00,7.15,,4/18/2019 16:00,96.71,,4/18/2019 16:00,89.2
10/22/2019 16:00,9.87,,4/29/2019 16:00,6.6,,4/22/2019 16:00,96.11,,4/22/2019 16:00,87.36
10/25/2019 16:00,9.85,,4/30/2019 16:00,6.02,,4/23/2019 16:00,99.25,,4/23/2019 16:00,87.43
10/29/2019 16:00,9.93,,5/1/2019 16:00,6.48,,4/24/2019 16:00,98.5,,4/24/2019 16:00,88.39
10/30/2019 16:00,9.88,,5/2/2019 16:00,7.25,,4/25/2019 16:00,85.38,,4/25/2019 16:00,87.56
10/31/2019 16:00,10.08,,5/3/2019 16:00,6.6,,4/26/2019 16:00,83.52,,4/26/2019 16:00,88.31
11/1/2019 16:00,10.08,,5/8/2019 16:00,6.02,,4/29/2019 16:00,82.48,,4/29/2019 16:00,88.26
11/4/2019 16:00,10.09,,5/9/2019 16:00,6,,4/30/2019 16:00,83.85,,4/30/2019 16:00,87.83
11/5/2019 16:00,10.09,,5/10/2019 16:00,6,,5/1/2019 16:00,82.63,,5/1/2019 16:00,85.9
11/6/2019 16:00,10.05,,5/13/2019 16:00,5.36,,5/2/2019 16:00,85.6,,5/2/2019 16:00,85.27
11/7/2019 16:00,10.08,,5/14/2019 16:00,5.5,,5/3/2019 16:00,85.8,,5/3/2019 16:00,85.7
11/8/2019 16:00,10.1,,5/20/2019 16:00,5.31,,5/6/2019 16:00,87.16,,5/6/2019 16:00,83.57
11/11/2019 16:00,10.09,,5/22/2019 16:00,5.05,,5/7/2019 16:00,84.93,,5/7/2019 16:00,82.54
11/14/2019 16:00,10.09,,5/23/2019 16:00,5,,5/8/2019 16:00,84.28,,5/8/2019 16:00,82.77
11/18/2019 16:00,10.04,,5/24/2019 16:00,5.45,,5/9/2019 16:00,83.87,,5/9/2019 16:00,82.98
11/20/2019 16:00,10.04,,5/29/2019 16:00,5,,5/10/2019 16:00,84.03,,5/10/2019 16:00,83.95
11/25/2019 16:00,10.04,,5/31/2019 16:00,4.75,,5/13/2019 16:00,80.78,,5/13/2019 16:00,82.53
11/26/2019 16:00,10.04,,6/3/2019 16:00,5,,5/14/2019 16:00,79.99,,5/14/2019 16:00,83.67
11/27/2019 16:00,10.05,,6/4/2019 16:00,4.75,,5/15/2019 16:00,81.22,,5/15/2019 16:00,84.01
12/2/2019 16:00,10.07,,6/5/2019 16:00,4.25,,5/16/2019 16:00,81.65,,5/16/2019 16:00,84.28
12/5/2019 16:00,10.06,,6/7/2019 16:00,3,,5/17/2019 16:00,80.08,,5/17/2019 16:00,84.57
12/6/2019 16:00,10.07,,6/10/2019 16:00,4.85,,5/20/2019 16:00,78.56,,5/20/2019 16:00,82.85
12/10/2019 16:00,10.09,,6/11/2019 16:00,5.25,,5/21/2019 16:00,79.1,,5/21/2019 16:00,83.64
12/11/2019 16:00,10.08,,6/12/2019 16:00,7.08,,5/22/2019 16:00,77.46,,5/22/2019 16:00,83.2
12/12/2019 16:00,10.07,,6/13/2019 16:00,7,,5/23/2019 16:00,76.64,,5/23/2019 16:00,82.64
12/13/2019 16:00,10.09,,6/14/2019 16:00,6.5,,5/24/2019 16:00,75.87,,5/24/2019 16:00,82.16
12/16/2019 16:00,10.08,,6/17/2019 16:00,6.86,,5/28/2019 16:00,74.1,,5/28/2019 16:00,81.2
12/17/2019 16:00,10.09,,6/18/2019 16:00,7.6,,5/29/2019 16:00,72.51,,5/29/2019 16:00,78.87
12/18/2019 16:00,10.14,,6/19/2019 16:00,7.66,,5/30/2019 16:00,72.5,,5/30/2019 16:00,79.26
12/19/2019 16:00,10.18,,6/20/2019 16:00,7.65,,5/31/2019 16:00,72.74,,5/31/2019 16:00,77.14
12/20/2019 16:00,10.17,,6/21/2019 16:00,8.2,,6/3/2019 16:00,72.76,,6/3/2019 16:00,77.96
12/23/2019 16:00,10.84,,6/24/2019 16:00,8,,6/4/2019 16:00,73.1,,6/4/2019 16:00,81.62
12/24/2019 13:00,10.84,,6/25/2019 16:00,8.3,,6/5/2019 16:00,73.68,,6/5/2019 16:00,82.72
12/26/2019 16:00,10.74,,6/26/2019 16:00,8.31,,6/6/2019 16:00,73.48,,6/6/2019 16:00,82.45
12/27/2019 16:00,10.68,,6/27/2019 16:00,7.81,,6/7/2019 16:00,73.28,,6/7/2019 16:00,83.41
12/30/2019 16:00,10.64,,6/28/2019 16:00,7.99,,6/10/2019 16:00,71.51,,6/10/2019 16:00,82.58
12/31/2019 16:00,10.7,,7/1/2019 16:00,7.85,,6/11/2019 16:00,72.94,,6/11/2019 16:00,83.26
1/2/2020 16:00,10.68,,7/2/2019 16:00,8.2,,6/12/2019 16:00,72.98,,6/12/2019 16:00,82.63
1/3/2020 16:00,10.68,,7/3/2019 13:00,8.2,,6/13/2019 16:00,75.55,,6/13/2019 16:00,83.61
1/6/2020 16:00,10.8,,7/5/2019 16:00,8.2,,6/14/2019 16:00,74.54,,6/14/2019 16:00,83.44
1/7/2020 16:00,10.9,,7/8/2019 16:00,7.5,,6/17/2019 16:00,75.55,,6/17/2019 16:00,82.11
1/8/2020 16:00,11.26,,7/9/2019 16:00,7.6,,6/18/2019 16:00,76.98,,6/18/2019 16:00,84.3
1/9/2020 16:00,12.25,,7/10/2019 16:00,6.98,,6/19/2019 16:00,76.93,,6/19/2019 16:00,83.55
1/10/2020 16:00,12.39,,7/11/2019 16:00,8.18,,6/20/2019 16:00,75.37,,6/20/2019 16:00,85.24
1/13/2020 16:00,12,,7/12/2019 16:00,6.75,,6/21/2019 16:00,73.49,,6/21/2019 16:00,85.75
1/14/2020 16:00,11.94,,7/15/2019 16:00,8.1,,6/24/2019 16:00,73.15,,6/24/2019 16:00,84.5
1/15/2020 16:00,12.7,,7/22/2019 16:00,7.55,,6/25/2019 16:00,72.08,,6/25/2019 16:00,82.62
1/16/2020 16:00,12.99,,7/23/2019 16:00,7.54,,6/26/2019 16:00,71.11,,6/26/2019 16:00,82.55
1/17/2020 16:00,13.57,,7/24/2019 16:00,7.5,,6/27/2019 16:00,72.2,,6/27/2019 16:00,83.66
1/21/2020 16:00,13.83,,7/29/2019 16:00,6.77,,6/28/2019 16:00,72.21,,6/28/2019 16:00,83.95
1/22/2020 16:00,14.27,,7/30/2019 16:00,6.71,,7/1/2019 16:00,73.45,,7/1/2019 16:00,85.41
1/23/2020 16:00,14.44,,7/31/2019 16:00,7.46,,7/2/2019 16:00,74.63,,7/2/2019 16:00,84.96
1/24/2020 16:00,14.36,,8/2/2019 16:00,7.4,,7/3/2019 13:00,74.64,,7/3/2019 13:00,86.2
1/27/2020 16:00,15,,8/5/2019 16:00,6.75,,7/5/2019 16:00,75.15,,7/5/2019 16:00,86.82
1/28/2020 16:00,15.08,,8/6/2019 16:00,7.25,,7/8/2019 16:00,72.66,,7/8/2019 16:00,88.48
1/29/2020 16:00,14.5,,8/8/2019 16:00,7.52,,7/9/2019 16:00,72.98,,7/9/2019 16:00,88.04
1/30/2020 16:00,14.67,,8/9/2019 16:00,7.54,,7/10/2019 16:00,73.22,,7/10/2019 16:00,87.44
1/31/2020 16:00,14.53,,8/12/2019 16:00,7.79,,7/11/2019 16:00,73.05,,7/11/2019 16:00,88.29
2/3/2020 16:00,14.51,,8/13/2019 16:00,7.94,,7/12/2019 16:00,73.18,,7/12/2019 16:00,89.12
2/4/2020 16:00,14.57,,8/14/2019 16:00,7.98,,7/15/2019 16:00,73.12,,7/15/2019 16:00,89.48
2/5/2020 16:00,14.25,,8/15/2019 16:00,7.98,,7/16/2019 16:00,72.38,,7/16/2019 16:00,88.6
2/6/2020 16:00,13.61,,8/16/2019 16:00,7.95,,7/17/2019 16:00,72.08,,7/17/2019 16:00,87.5
2/7/2020 16:00,14.5,,8/19/2019 16:00,7.98,,7/18/2019 16:00,70.2,,7/18/2019 16:00,87.44
2/10/2020 16:00,16.02,,8/21/2019 16:00,7.5,,7/19/2019 16:00,70.23,,7/19/2019 16:00,86.55
2/11/2020 16:00,16.82,,8/22/2019 16:00,7.6,,7/22/2019 16:00,69.62,,7/22/2019 16:00,85.97
2/12/2020 16:00,18.35,,8/23/2019 16:00,7.5,,7/23/2019 16:00,68.32,,7/23/2019 16:00,86.7
2/13/2020 16:00,17.91,,8/26/2019 16:00,7,,7/24/2019 16:00,68.73,,7/24/2019 16:00,86.7
2/14/2020 16:00,17.33,,8/27/2019 16:00,7.8,,7/25/2019 16:00,74.68,,7/25/2019 16:00,87.28
2/18/2020 16:00,17.29,,8/29/2019 16:00,7.95,,7/26/2019 16:00,75.99,,7/26/2019 16:00,87.54
2/19/2020 16:00,17.97,,8/30/2019 16:00,8.22,,7/29/2019 16:00,74.22,,7/29/2019 16:00,87.62
2/20/2020 16:00,17.65,,9/4/2019 16:00,10,,7/30/2019 16:00,73.15,,7/30/2019 16:00,87.2
2/21/2020 16:00,16.95,,9/5/2019 16:00,10.5,,7/31/2019 16:00,72.78,,7/31/2019 16:00,86.03
2/24/2020 16:00,16.64,,9/6/2019 16:00,10.4,,8/1/2019 16:00,70.92,,8/1/2019 16:00,83.12
2/25/2020 16:00,16.96,,9/9/2019 16:00,10.75,,8/2/2019 16:00,69.37,,8/2/2019 16:00,81.14
2/26/2020 16:00,16.83,,9/11/2019 16:00,10.48,,8/5/2019 16:00,66.11,,8/5/2019 16:00,78.97
2/27/2020 16:00,16.17,,9/12/2019 16:00,10.5,,8/6/2019 16:00,67.61,,8/6/2019 16:00,81.3
2/28/2020 16:00,16.02,,9/13/2019 16:00,10.55,,8/7/2019 16:00,67.94,,8/7/2019 16:00,81.28
3/2/2020 16:00,16.66,,9/16/2019 16:00,10.5,,8/8/2019 16:00,68.98,,8/8/2019 16:00,83
3/3/2020 16:00,16.41,,9/18/2019 16:00,10,,8/9/2019 16:00,67.25,,8/9/2019 16:00,81.98
3/4/2020 16:00,18.69,,9/19/2019 16:00,9.98,,8/12/2019 16:00,63.47,,8/12/2019 16:00,81.65
3/5/2020 16:00,17.94,,9/20/2019 16:00,10.5,,8/13/2019 16:00,66.7,,8/13/2019 16:00,83.32
3/6/2020 16:00,16.83,,9/23/2019 16:00,10.75,,8/14/2019 16:00,67.42,,8/14/2019 16:00,81.03
3/9/2020 16:00,17.01,,9/24/2019 16:00,13.25,,8/15/2019 16:00,68.95,,8/15/2019 16:00,79.51
3/10/2020 16:00,16.6,,9/26/2019 16:00,12.8,,8/16/2019 16:00,69.61,,8/16/2019 16:00,80.28
3/11/2020 16:00,14.5,,9/27/2019 16:00,12.8,,8/19/2019 16:00,71.93,,8/19/2019 16:00,81.13
3/12/2020 16:00,11.17,,9/30/2019 16:00,12.75,,8/20/2019 16:00,74.51,,8/20/2019 16:00,80.53
3/13/2020 16:00,12.45,,10/1/2019 16:00,12.25,,8/21/2019 16:00,74.07,,8/21/2019 16:00,82.74
3/16/2020 16:00,11.8,,10/2/2019 16:00,12.25,,8/22/2019 16:00,74.25,,8/22/2019 16:00,83.31
3/17/2020 16:00,12.89,,10/4/2019 16:00,11,,8/23/2019 16:00,73.81,,8/23/2019 16:00,80.44
3/18/2020 16:00,11.4,,10/7/2019 16:00,10.35,,8/26/2019 16:00,74.35,,8/26/2019 16:00,82.25
3/19/2020 16:00,11.4,,10/9/2019 16:00,12,,8/27/2019 16:00,73.94,,8/27/2019 16:00,82.03
3/20/2020 16:00,11.48,,10/10/2019 16:00,11.8,,8/28/2019 16:00,73.07,,8/28/2019 16:00,83.48
3/23/2020 16:00,11.3,,10/11/2019 16:00,11.71,,8/29/2019 16:00,71.47,,8/29/2019 16:00,85.38
3/24/2020 16:00,11.85,,10/14/2019 16:00,11.7,,8/30/2019 16:00,71.43,,8/30/2019 16:00,84.5
3/25/2020 16:00,13,,10/15/2019 16:00,11.75,,9/3/2019 16:00,69.37,,9/3/2019 16:00,84.67
3/26/2020 16:00,13.21,,10/16/2019 16:00,11.82,,9/4/2019 16:00,70.99,,9/4/2019 16:00,86.35
3/27/2020 16:00,12.69,,10/17/2019 16:00,11.7,,9/5/2019 16:00,71.37,,9/5/2019 16:00,88.42
3/30/2020 16:00,12.21,,10/18/2019 16:00,11.67,,9/6/2019 16:00,73.57,,9/6/2019 16:00,88.69
3/31/2020 16:00,12.34,,10/21/2019 16:00,11.65,,9/9/2019 16:00,70.39,,9/9/2019 16:00,88.67
4/1/2020 16:00,11.77,,10/22/2019 16:00,11.58,,9/10/2019 16:00,71.12,,9/10/2019 16:00,86.83
4/2/2020 16:00,12.25,,10/23/2019 16:00,11.34,,9/11/2019 16:00,71.92,,9/11/2019 16:00,86.75
4/3/2020 16:00,12.25,,10/24/2019 16:00,10.96,,9/12/2019 16:00,73.78,,9/12/2019 16:00,87.67
4/6/2020 16:00,12.61,,10/25/2019 16:00,10.2,,9/13/2019 16:00,72.32,,9/13/2019 16:00,87.32
4/7/2020 16:00,13.03,,10/28/2019 16:00,10.18,,9/16/2019 16:00,74.12,,9/16/2019 16:00,87.27
4/8/2020 16:00,14.75,,10/29/2019 16:00,10.25,,9/17/2019 16:00,75.91,,9/17/2019 16:00,87.59
4/9/2020 16:00,14.51,,10/30/2019 16:00,10.2,,9/18/2019 16:00,73.59,,9/18/2019 16:00,88.08
4/13/2020 16:00,14.25,,10/31/2019 16:00,10.07,,9/19/2019 16:00,73.04,,9/19/2019 16:00,87.7
4/14/2020 16:00,14.75,,11/1/2019 16:00,10.01,,9/20/2019 16:00,73.65,,9/20/2019 16:00,86.68
4/15/2020 16:00,15.49,,11/4/2019 16:00,11.48,,9/23/2019 16:00,71.61,,9/23/2019 16:00,87.69
4/16/2020 16:00,16.09,,11/5/2019 16:00,11.76,,9/24/2019 16:00,69,,9/24/2019 16:00,87.18
4/17/2020 16:00,16.95,,11/6/2019 16:00,11.82,,9/25/2019 16:00,71.01,,9/25/2019 16:00,90.81
4/20/2020 16:00,17.57,,11/7/2019 16:00,11.99,,9/26/2019 16:00,70.99,,9/26/2019 16:00,92.17
4/21/2020 16:00,17.2,,11/8/2019 16:00,11.46,,9/27/2019 16:00,71.2,,9/27/2019 16:00,92.31
4/22/2020 16:00,17.15,,11/11/2019 16:00,11.44,,9/30/2019 16:00,71.15,,9/30/2019 16:00,93.92
4/23/2020 16:00,17.53,,11/12/2019 16:00,11.06,,10/1/2019 16:00,71.16,,10/1/2019 16:00,92.28
4/24/2020 16:00,19.35,,11/13/2019 16:00,11.25,,10/2/2019 16:00,66.38,,10/2/2019 16:00,91.49
4/27/2020 16:00,19.52,,11/14/2019 16:00,11.12,,10/3/2019 16:00,68.74,,10/3/2019 16:00,92.22
4/28/2020 16:00,18.24,,11/15/2019 16:00,11.48,,10/4/2019 16:00,70.25,,10/4/2019 16:00,93.07
4/29/2020 16:00,19.4,,11/18/2019 16:00,11.1,,10/7/2019 16:00,69.35,,10/7/2019 16:00,93.17
4/30/2020 16:00,19.46,,11/19/2019 16:00,10.9,,10/8/2019 16:00,67.7,,10/8/2019 16:00,91.75
5/1/2020 16:00,20.12,,11/20/2019 16:00,10.65,,10/9/2019 16:00,66.63,,10/9/2019 16:00,92.52
5/4/2020 16:00,20.99,,11/21/2019 16:00,10.9,,10/10/2019 16:00,67.62,,10/10/2019 16:00,93
5/5/2020 16:00,21.61,,11/25/2019 16:00,9.63,,10/11/2019 16:00,70.02,,10/11/2019 16:00,93.88
5/6/2020 16:00,23.83,,11/26/2019 16:00,10,,10/14/2019 16:00,69.62,,10/14/2019 16:00,94.88
5/7/2020 16:00,23.51,,11/29/2019 13:00,9.15,,10/15/2019 16:00,69.49,,10/15/2019 16:00,94.79
5/8/2020 16:00,23.45,,12/2/2019 16:00,9.74,,10/16/2019 16:00,70.16,,10/16/2019 16:00,94.88
5/11/2020 16:00,24.46,,12/3/2019 16:00,9.72,,10/17/2019 16:00,70.26,,10/17/2019 16:00,95.56
5/12/2020 16:00,26.3,,12/4/2019 16:00,10.1,,10/18/2019 16:00,67,,10/18/2019 16:00,96.1
5/13/2020 16:00,25.86,,12/5/2019 16:00,10.5,,10/21/2019 16:00,69.04,,10/21/2019 16:00,96.22
5/14/2020 16:00,25.31,,12/6/2019 16:00,10.01,,10/22/2019 16:00,66.75,,10/22/2019 16:00,95.6
5/15/2020 16:00,29.23,,12/9/2019 16:00,10.03,,10/23/2019 16:00,66.62,,10/23/2019 16:00,92.32
5/18/2020 16:00,29.55,,12/11/2019 16:00,10.15,,10/24/2019 16:00,66.93,,10/24/2019 16:00,91.5
5/19/2020 16:00,29.57,,12/17/2019 16:00,9.8,,10/25/2019 16:00,68.37,,10/25/2019 16:00,90.92
5/20/2020 16:00,29.69,,12/18/2019 16:00,9.03,,10/28/2019 16:00,68.91,,10/28/2019 16:00,90.85
5/21/2020 16:00,28.55,,12/20/2019 16:00,9.39,,10/29/2019 16:00,68.16,,10/29/2019 16:00,89.28
5/22/2020 16:00,29.11,,12/23/2019 16:00,9.35,,10/30/2019 16:00,66.44,,10/30/2019 16:00,90.19
5/26/2020 16:00,33.39,,12/24/2019 13:00,10,,10/31/2019 16:00,56.04,,10/31/2019 16:00,89.55
5/27/2020 16:00,35.15,,12/26/2019 16:00,9.2,,11/1/2019 16:00,55.96,,11/1/2019 16:00,89.18
5/28/2020 16:00,37.25,,12/27/2019 16:00,9.15,,11/4/2019 16:00,53.16,,11/4/2019 16:00,89.86
5/29/2020 16:00,39.7,,12/30/2019 16:00,9.15,,11/5/2019 16:00,55.77,,11/5/2019 16:00,89.88
6/1/2020 16:00,43.7,,12/31/2019 16:00,8.9,,11/6/2019 16:00,55.42,,11/6/2019 16:00,89.48
6/2/2020 16:00,41.27,,1/2/2020 16:00,9.97,,11/7/2019 16:00,54.59,,11/7/2019 16:00,90.4
6/3/2020 16:00,40.16,,1/3/2020 16:00,10.02,,11/8/2019 16:00,54.72,,11/8/2019 16:00,89.81
6/4/2020 16:00,40.53,,1/6/2020 16:00,10.27,,11/11/2019 16:00,55.9,,11/11/2019 16:00,90.05
6/5/2020 16:00,39.34,,1/7/2020 16:00,10.26,,11/12/2019 16:00,55.22,,11/12/2019 16:00,89.5
6/8/2020 16:00,38,,1/9/2020 16:00,8.5,,11/13/2019 16:00,54.38,,11/13/2019 16:00,91.29
6/9/2020 16:00,39.41,,1/10/2020 16:00,9.79,,11/14/2019 16:00,56.27,,11/14/2019 16:00,91.27
6/10/2020 16:00,39.11,,1/13/2020 16:00,9.75,,11/15/2019 16:00,57.66,,11/15/2019 16:00,93.04
6/11/2020 16:00,36.28,,1/16/2020 16:00,9.7,,11/18/2019 16:00,58.7,,11/18/2019 16:00,94.18
6/12/2020 16:00,36.88,,1/17/2020 16:00,9,,11/19/2019 16:00,60.45,,11/19/2019 16:00,93.61
6/15/2020 16:00,41.79,,1/29/2020 16:00,8.95,,11/20/2019 16:00,60.26,,11/20/2019 16:00,93.05
6/16/2020 16:00,40.57,,1/30/2020 16:00,10,,11/21/2019 16:00,59.09,,11/21/2019 16:00,92.16
6/17/2020 16:00,40.72,,2/4/2020 16:00,8.48,,11/22/2019 16:00,60.25,,11/22/2019 16:00,93.34
6/18/2020 16:00,40.84,,2/5/2020 16:00,8.95,,11/25/2019 16:00,60.51,,11/25/2019 16:00,92.9
6/19/2020 16:00,42,,2/6/2020 16:00,9,,11/26/2019 16:00,61,,11/26/2019 16:00,93.33
6/22/2020 16:00,38.26,,2/7/2020 16:00,9.7,,11/27/2019 16:00,62.46,,11/27/2019 16:00,94.14
6/23/2020 16:00,37.99,,2/10/2020 16:00,9.45,,11/29/2019 13:00,62.02,,11/29/2019 13:00,93.49
6/24/2020 16:00,37.56,,2/11/2020 16:00,9.4,,12/2/2019 16:00,61.52,,12/2/2019 16:00,93.56
6/25/2020 16:00,36.07,,2/12/2020 16:00,9,,12/3/2019 16:00,61.88,,12/3/2019 16:00,92.46
6/26/2020 16:00,33.34,,2/13/2020 16:00,8.5,,12/4/2019 16:00,61.74,,12/4/2019 16:00,93.72
6/29/2020 16:00,33.54,,2/14/2020 16:00,8.95,,12/5/2019 16:00,62.26,,12/5/2019 16:00,95.79
6/30/2020 16:00,33.26,,2/18/2020 16:00,8.55,,12/6/2019 16:00,63.21,,12/6/2019 16:00,97
7/1/2020 16:00,33.87,,2/19/2020 16:00,8.7,,12/9/2019 16:00,62.69,,12/9/2019 16:00,96.63
7/2/2020 16:00,33.06,,2/20/2020 16:00,9,,12/10/2019 16:00,61.66,,12/10/2019 16:00,97.01
7/6/2020 16:00,32.42,,2/21/2020 16:00,9.25,,12/11/2019 16:00,62.86,,12/11/2019 16:00,97.18
7/7/2020 16:00,30.6,,2/24/2020 16:00,9.14,,12/12/2019 16:00,61.26,,12/12/2019 16:00,97.72
7/8/2020 16:00,33.1,,2/25/2020 16:00,8.75,,12/13/2019 16:00,62.86,,12/13/2019 16:00,97.77
7/9/2020 16:00,32.81,,2/27/2020 16:00,8.46,,12/16/2019 16:00,63.69,,12/16/2019 16:00,98.81
7/10/2020 16:00,32.43,,2/28/2020 16:00,8.36,,12/17/2019 16:00,64.1,,12/17/2019 16:00,99.65
7/13/2020 16:00,29.5,,3/2/2020 16:00,8.8,,12/18/2019 16:00,64,,12/18/2019 16:00,100.57
7/14/2020 16:00,30.22,,3/3/2020 16:00,8.85,,12/19/2019 16:00,64.57,,12/19/2019 16:00,101.15
7/15/2020 16:00,32.56,,3/4/2020 16:00,8.58,,12/20/2019 16:00,64.95,,12/20/2019 16:00,99.96
7/16/2020 16:00,35.64,,3/5/2020 16:00,9.2,,12/23/2019 16:00,65.18,,12/23/2019 16:00,100.04
7/17/2020 16:00,35.36,,3/6/2020 16:00,9.2,,12/24/2019 13:00,64.92,,12/24/2019 13:00,100.14
7/20/2020 16:00,35.41,,3/9/2020 16:00,8.5,,12/26/2019 16:00,65.44,,12/26/2019 16:00,100.71
7/21/2020 16:00,37.55,,3/10/2020 16:00,8.01,,12/27/2019 16:00,64.92,,12/27/2019 16:00,101.57
7/22/2020 16:00,37.75,,3/11/2020 16:00,8.15,,12/30/2019 16:00,64.18,,12/30/2019 16:00,100.8
7/23/2020 16:00,36.21,,3/12/2020 16:00,8.15,,12/31/2019 16:00,64.87,,12/31/2019 16:00,101.31
7/24/2020 16:00,37.55,,3/20/2020 16:00,7.95,,1/2/2020 16:00,64.22,,1/2/2020 16:00,102.2
7/27/2020 16:00,35.12,,3/23/2020 16:00,7.74,,1/3/2020 16:00,64.76,,1/3/2020 16:00,101.92
7/28/2020 16:00,34.63,,3/24/2020 16:00,7.74,,1/6/2020 16:00,65.14,,1/6/2020 16:00,101.83
7/29/2020 16:00,35.89,,3/25/2020 16:00,7.78,,1/7/2020 16:00,66.4,,1/7/2020 16:00,101.78
7/30/2020 16:00,34.79,,3/26/2020 16:00,8.5,,1/8/2020 16:00,62.83,,1/8/2020 16:00,101.55
7/31/2020 16:00,33.38,,3/27/2020 16:00,7.51,,1/9/2020 16:00,63.67,,1/9/2020 16:00,101.48
8/3/2020 16:00,32.95,,3/30/2020 16:00,8.48,,1/10/2020 16:00,60.69,,1/10/2020 16:00,100.9
8/4/2020 16:00,33.06,,3/31/2020 16:00,8.35,,1/13/2020 16:00,61.4,,1/13/2020 16:00,102.16
8/5/2020 16:00,32.55,,4/1/2020 16:00,8.2,,1/14/2020 16:00,62.68,,1/14/2020 16:00,102.92
8/6/2020 16:00,33.65,,4/2/2020 16:00,9.25,,1/15/2020 16:00,62.09,,1/15/2020 16:00,102.79
8/7/2020 16:00,34.09,,4/3/2020 16:00,7.01,,1/16/2020 16:00,63.8,,1/16/2020 16:00,103.37
8/10/2020 16:00,31.61,,4/6/2020 16:00,7.4,,1/17/2020 16:00,62.85,,1/17/2020 16:00,104.53
8/11/2020 16:00,32.04,,4/7/2020 16:00,7.1,,1/21/2020 16:00,61.93,,1/21/2020 16:00,104.58
8/12/2020 16:00,33.74,,4/8/2020 16:00,7.2,,1/22/2020 16:00,62.91,,1/22/2020 16:00,104.49
8/13/2020 16:00,36.05,,4/9/2020 16:00,7,,1/23/2020 16:00,62.46,,1/23/2020 16:00,103.02
8/14/2020 16:00,33.91,,4/13/2020 16:00,8,,1/24/2020 16:00,59.66,,1/24/2020 16:00,102.03
8/17/2020 16:00,34.68,,4/14/2020 16:00,8.15,,1/27/2020 16:00,59.09,,1/27/2020 16:00,100.24
8/18/2020 16:00,37.21,,4/15/2020 16:00,8.25,,1/28/2020 16:00,60.43,,1/28/2020 16:00,100.41
8/19/2020 16:00,36.27,,4/16/2020 16:00,8,,1/29/2020 16:00,60.94,,1/29/2020 16:00,99.84
8/20/2020 16:00,36.32,,4/17/2020 16:00,8.2,,1/30/2020 16:00,62.3,,1/30/2020 16:00,98.19
8/21/2020 16:00,35.15,,4/20/2020 16:00,7,,1/31/2020 16:00,48.88,,1/31/2020 16:00,96.3
8/24/2020 16:00,35.81,,4/21/2020 16:00,7,,2/3/2020 16:00,46.08,,2/3/2020 16:00,99.27
8/25/2020 16:00,39.06,,4/22/2020 16:00,6.97,,2/4/2020 16:00,47.36,,2/4/2020 16:00,101.38
8/26/2020 16:00,38.86,,4/23/2020 16:00,7.37,,2/5/2020 16:00,49,,2/5/2020 16:00,100.54
8/27/2020 16:00,39.06,,4/24/2020 16:00,7.48,,2/6/2020 16:00,44.5,,2/6/2020 16:00,100.27
8/28/2020 16:00,36.32,,4/27/2020 16:00,8.31,,2/7/2020 16:00,42.53,,2/7/2020 16:00,99.44
8/31/2020 16:00,35.36,,4/28/2020 16:00,10,,2/10/2020 16:00,42.05,,2/10/2020 16:00,100.02
9/1/2020 16:00,36.93,,4/29/2020 16:00,8.99,,2/11/2020 16:00,42.74,,2/11/2020 16:00,100.02
9/2/2020 16:00,39.9,,4/30/2020 16:00,11,,2/12/2020 16:00,42.24,,2/12/2020 16:00,103
9/3/2020 16:00,38.27,,5/1/2020 16:00,11.25,,2/13/2020 16:00,43.76,,2/13/2020 16:00,103.37
9/4/2020 16:00,37,,5/4/2020 16:00,10.05,,2/14/2020 16:00,44.93,,2/14/2020 16:00,103.54
9/8/2020 16:00,37.01,,5/5/2020 16:00,10.99,,2/18/2020 16:00,45.96,,2/18/2020 16:00,102
9/9/2020 16:00,40.38,,5/6/2020 16:00,12.85,,2/19/2020 16:00,46.52,,2/19/2020 16:00,102.46
9/10/2020 16:00,42.54,,5/7/2020 16:00,15.25,,2/20/2020 16:00,47.74,,2/20/2020 16:00,102.53
9/11/2020 16:00,41.46,,5/8/2020 16:00,16,,2/21/2020 16:00,50.23,,2/21/2020 16:00,100.25
9/14/2020 16:00,48.62,,5/11/2020 16:00,18.1,,2/24/2020 16:00,48.73,,2/24/2020 16:00,95.91
9/15/2020 16:00,48.21,,5/12/2020 16:00,15.99,,2/25/2020 16:00,48.81,,2/25/2020 16:00,92.9
9/16/2020 16:00,51.03,,5/13/2020 16:00,12.15,,2/26/2020 16:00,48.41,,2/26/2020 16:00,92
9/17/2020 16:00,53.11,,5/14/2020 16:00,10,,2/27/2020 16:00,45.86,,2/27/2020 16:00,88.55
9/18/2020 16:00,55.39,,5/15/2020 16:00,10.8,,2/28/2020 16:00,46.77,,2/28/2020 16:00,89.38
9/21/2020 16:00,51.49,,5/18/2020 16:00,9.94,,3/2/2020 16:00,46.36,,3/2/2020 16:00,92.68
9/22/2020 16:00,53.94,,5/19/2020 16:00,11,,3/3/2020 16:00,45.2,,3/3/2020 16:00,90.93
9/23/2020 16:00,50.12,,5/20/2020 16:00,13.25,,3/4/2020 16:00,44.98,,3/4/2020 16:00,93.79
9/24/2020 16:00,50.57,,5/21/2020 16:00,13.1,,3/5/2020 16:00,44.91,,3/5/2020 16:00,90.58
9/25/2020 16:00,53.19,,5/22/2020 16:00,11.5,,3/6/2020 16:00,42.7,,3/6/2020 16:00,88.36
9/28/2020 16:00,56.89,,5/26/2020 16:00,12,,3/9/2020 16:00,41.16,,3/9/2020 16:00,84.11
9/29/2020 16:00,55.74,,5/27/2020 16:00,12.97,,3/10/2020 16:00,41.19,,3/10/2020 16:00,88.3
9/30/2020 16:00,58.84,,5/28/2020 16:00,11.83,,3/11/2020 16:00,38.72,,3/11/2020 16:00,84
10/1/2020 16:00,61.83,,5/29/2020 16:00,11.55,,3/12/2020 16:00,32.38,,3/12/2020 16:00,74.2
10/2/2020 16:00,63.78,,6/1/2020 16:00,11.25,,3/13/2020 16:00,35.86,,3/13/2020 16:00,75.58
10/5/2020 16:00,60.55,,6/2/2020 16:00,10.6,,3/16/2020 16:00,30.44,,3/16/2020 16:00,66.79
10/6/2020 16:00,56.78,,6/3/2020 16:00,10.1,,3/17/2020 16:00,32.75,,3/17/2020 16:00,69.84
10/7/2020 16:00,53.33,,6/4/2020 16:00,10.99,,3/18/2020 16:00,33.94,,3/18/2020 16:00,68.04
10/8/2020 16:00,51.13,,6/5/2020 16:00,11.35,,3/19/2020 16:00,36.03,,3/19/2020 16:00,70.34
10/9/2020 16:00,48.82,,6/8/2020 16:00,12.25,,3/20/2020 16:00,36.5,,3/20/2020 16:00,67.45
10/12/2020 16:00,50.6,,6/9/2020 16:00,12.1,,3/23/2020 16:00,37.72,,3/23/2020 16:00,62.8
10/13/2020 16:00,51.18,,6/10/2020 16:00,12,,3/24/2020 16:00,39.04,,3/24/2020 16:00,72.33
10/14/2020 16:00,47.56,,6/11/2020 16:00,11,,3/25/2020 16:00,34.38,,3/25/2020 16:00,79.01
10/15/2020 16:00,45,,6/12/2020 16:00,11.98,,3/26/2020 16:00,34.95,,3/26/2020 16:00,84.3
10/16/2020 16:00,44.34,,6/15/2020 16:00,11.9,,3/27/2020 16:00,33.8,,3/27/2020 16:00,83.23
10/19/2020 16:00,44.58,,6/16/2020 16:00,11.05,,3/30/2020 16:00,33.44,,3/30/2020 16:00,85.38
10/20/2020 16:00,42.53,,6/17/2020 16:00,12,,3/31/2020 16:00,33.93,,3/31/2020 16:00,82.74
10/21/2020 16:00,41.5,,6/18/2020 16:00,11.34,,4/1/2020 16:00,33.6,,4/1/2020 16:00,79.23
10/22/2020 16:00,43,,6/19/2020 16:00,10.75,,4/2/2020 16:00,34.65,,4/2/2020 16:00,80.14
10/23/2020 16:00,42.74,,6/22/2020 16:00,10,,4/3/2020 16:00,34.13,,4/3/2020 16:00,78.86
10/26/2020 16:00,39.69,,6/23/2020 16:00,10,,4/6/2020 16:00,35.08,,4/6/2020 16:00,84.63
10/27/2020 16:00,38.7,,6/24/2020 16:00,11.6,,4/7/2020 16:00,35.93,,4/7/2020 16:00,84.16
10/28/2020 16:00,38.15,,6/25/2020 16:00,11.35,,4/8/2020 16:00,36.27,,4/8/2020 16:00,85.3
10/29/2020 16:00,37.37,,6/26/2020 16:00,11.15,,4/9/2020 16:00,37.42,,4/9/2020 16:00,86.79
10/30/2020 16:00,35.4,,6/29/2020 16:00,10.49,,4/13/2020 16:00,37.46,,4/13/2020 16:00,84.46
11/2/2020 16:00,35.72,,6/30/2020 16:00,10.45,,4/14/2020 16:00,38.37,,4/14/2020 16:00,87.47
11/3/2020 16:00,37.47,,7/1/2020 16:00,10.65,,4/15/2020 16:00,38.9,,4/15/2020 16:00,85.04
11/4/2020 16:00,39.46,,7/2/2020 16:00,10,,4/16/2020 16:00,39.67,,4/16/2020 16:00,86.3
11/5/2020 16:00,43.03,,7/6/2020 16:00,9.17,,4/17/2020 16:00,40.54,,4/17/2020 16:00,89.91
11/6/2020 16:00,42.32,,7/7/2020 16:00,8.69,,4/20/2020 16:00,40.57,,4/20/2020 16:00,87.9
11/9/2020 16:00,41.5,,7/8/2020 16:00,10.51,,4/21/2020 16:00,39.53,,4/21/2020 16:00,85.2
11/10/2020 16:00,40.36,,7/9/2020 16:00,10.7,,4/22/2020 16:00,39.48,,4/22/2020 16:00,88.77
11/11/2020 16:00,41.64,,7/10/2020 16:00,10.33,,4/23/2020 16:00,39.07,,4/23/2020 16:00,87.35
11/12/2020 16:00,41.25,,7/13/2020 16:00,10.45,,4/24/2020 16:00,44.79,,4/24/2020 16:00,88.37
11/13/2020 16:00,42.84,,7/14/2020 16:00,10.05,,4/27/2020 16:00,44.08,,4/27/2020 16:00,89.37
11/16/2020 16:00,42.73,,7/15/2020 16:00,10,,4/28/2020 16:00,44.37,,4/28/2020 16:00,88.8
11/17/2020 16:00,46.61,,7/16/2020 16:00,10.01,,4/29/2020 16:00,45.18,,4/29/2020 16:00,88.07
11/18/2020 16:00,47.68,,7/17/2020 16:00,10.15,,4/30/2020 16:00,44.47,,4/30/2020 16:00,87.18
11/19/2020 16:00,49.32,,7/20/2020 16:00,9.88,,5/1/2020 16:00,43.92,,5/1/2020 16:00,85.54
11/20/2020 16:00,48.23,,7/21/2020 16:00,9.95,,5/4/2020 16:00,44,,5/4/2020 16:00,85.75
11/23/2020 16:00,48.03,,7/22/2020 16:00,10,,5/5/2020 16:00,44.31,,5/5/2020 16:00,87.2
11/24/2020 16:00,47.89,,7/23/2020 16:00,10,,5/6/2020 16:00,43.51,,5/6/2020 16:00,88.44
11/25/2020 16:00,50.23,,7/24/2020 16:00,9.85,,5/7/2020 16:00,43.81,,5/7/2020 16:00,88.56
11/27/2020 13:00,52.75,,7/27/2020 16:00,9.8,,5/8/2020 16:00,46.06,,5/8/2020 16:00,90.46
11/30/2020 16:00,52.36,,7/28/2020 16:00,9.5,,5/11/2020 16:00,44.43,,5/11/2020 16:00,90.93
12/1/2020 16:00,50.78,,7/29/2020 16:00,9.85,,5/12/2020 16:00,43.04,,5/12/2020 16:00,88.26
12/2/2020 16:00,51.1,,7/30/2020 16:00,9.43,,5/13/2020 16:00,41.47,,5/13/2020 16:00,86.02
12/3/2020 16:00,50.06,,7/31/2020 16:00,10,,5/14/2020 16:00,42.04,,5/14/2020 16:00,86.55
12/4/2020 16:00,49.25,,8/3/2020 16:00,9.95,,5/15/2020 16:00,41.64,,5/15/2020 16:00,86.99
12/7/2020 16:00,47.93,,8/4/2020 16:00,9.85,,5/18/2020 16:00,43.56,,5/18/2020 16:00,91.04
12/8/2020 16:00,50.85,,8/5/2020 16:00,9.7,,5/19/2020 16:00,43.48,,5/19/2020 16:00,91.51
12/9/2020 16:00,48.94,,8/6/2020 16:00,10.08,,5/20/2020 16:00,45.75,,5/20/2020 16:00,92.95
12/10/2020 16:00,50.11,,8/7/2020 16:00,10.2,,5/21/2020 16:00,44.77,,5/21/2020 16:00,94.26
12/11/2020 16:00,50.09,,8/10/2020 16:00,10,,5/22/2020 16:00,44.51,,5/22/2020 16:00,93.75
12/14/2020 16:00,50.58,,8/11/2020 16:00,11.2,,5/26/2020 16:00,44.98,,5/26/2020 16:00,96.62
12/15/2020 16:00,50.5,,8/12/2020 16:00,10.65,,5/27/2020 16:00,45.87,,5/27/2020 16:00,99.87
12/16/2020 16:00,53.8,,8/13/2020 16:00,10.99,,5/28/2020 16:00,45.03,,5/28/2020 16:00,98.46
12/17/2020 16:00,55.2,,8/14/2020 16:00,10.87,,5/29/2020 16:00,46.27,,5/29/2020 16:00,98.58
12/18/2020 16:00,53.9,,8/17/2020 16:00,10.34,,6/1/2020 16:00,47.15,,6/1/2020 16:00,99.54
12/21/2020 16:00,53.34,,8/18/2020 16:00,10.5,,6/2/2020 16:00,47.39,,6/2/2020 16:00,100.74
12/22/2020 16:00,52.4,,8/19/2020 16:00,11.3,,6/3/2020 16:00,47.73,,6/3/2020 16:00,104.11
12/23/2020 16:00,53.89,,8/20/2020 16:00,10.7,,6/4/2020 16:00,47.02,,6/4/2020 16:00,101.28
12/24/2020 13:00,52.11,,8/21/2020 16:00,10.5,,6/5/2020 16:00,48.19,,6/5/2020 16:00,102.71
12/28/2020 16:00,48.96,,8/24/2020 16:00,10.5,,6/8/2020 16:00,48.76,,6/8/2020 16:00,104.29
12/29/2020 16:00,48.11,,8/25/2020 16:00,10,,6/9/2020 16:00,46.69,,6/9/2020 16:00,102.63
12/30/2020 16:00,48.95,,8/26/2020 16:00,9.9,,6/10/2020 16:00,46.7,,6/10/2020 16:00,102.12
12/31/2020 16:00,46.56,,8/27/2020 16:00,9.75,,6/11/2020 16:00,43.94,,6/11/2020 16:00,95.17
1/4/2021 16:00,44.86,,8/28/2020 16:00,9.75,,6/12/2020 16:00,44.47,,6/12/2020 16:00,96.43
1/5/2021 16:00,47.58,,8/31/2020 16:00,9.8,,6/15/2020 16:00,45.25,,6/15/2020 16:00,97.84
1/6/2021 16:00,49,,9/1/2020 16:00,9.77,,6/16/2020 16:00,44.61,,6/16/2020 16:00,99.04
1/7/2021 16:00,49.77,,9/2/2020 16:00,9.78,,6/17/2020 16:00,44.84,,6/17/2020 16:00,99.21
1/8/2021 16:00,52,,9/3/2020 16:00,9.7,,6/18/2020 16:00,45.25,,6/18/2020 16:00,98.45
1/11/2021 16:00,53.6,,9/4/2020 16:00,9.36,,6/19/2020 16:00,45.21,,6/19/2020 16:00,95.78
1/12/2021 16:00,53.39,,9/8/2020 16:00,9.2,,6/22/2020 16:00,44.84,,6/22/2020 16:00,99.51
1/13/2021 16:00,54.63,,9/9/2020 16:00,9.15,,6/23/2020 16:00,44.74,,6/23/2020 16:00,101.92
1/14/2021 16:00,54.92,,9/10/2020 16:00,9,,6/24/2020 16:00,43.85,,6/24/2020 16:00,100.08
1/15/2021 16:00,53.7,,9/11/2020 16:00,9.09,,6/25/2020 16:00,43.02,,6/25/2020 16:00,101.4
1/19/2021 16:00,51.29,,9/14/2020 16:00,9.3,,6/26/2020 16:00,41.36,,6/26/2020 16:00,93.67
1/20/2021 16:00,53.18,,9/15/2020 16:00,9.98,,6/29/2020 16:00,43.59,,6/29/2020 16:00,95.87
1/21/2021 16:00,53.56,,9/16/2020 16:00,9.86,,6/30/2020 16:00,43.45,,6/30/2020 16:00,98.05
1/22/2021 16:00,52.53,,9/17/2020 16:00,9.8,,7/1/2020 16:00,44.82,,7/1/2020 16:00,97.4
1/25/2021 16:00,51.29,,9/18/2020 16:00,9.6,,7/2/2020 16:00,45.51,,7/2/2020 16:00,98.43
1/26/2021 16:00,54.06,,9/21/2020 16:00,9.6,,7/6/2020 16:00,46.38,,7/6/2020 16:00,99.95
1/27/2021 16:00,54.27,,9/22/2020 16:00,9.35,,7/7/2020 16:00,45,,7/7/2020 16:00,97.07
1/28/2021 16:00,56.17,,9/23/2020 16:00,9.2,,7/8/2020 16:00,45.86,,7/8/2020 16:00,98.84
1/29/2021 16:00,54.11,,9/24/2020 16:00,8.85,,7/9/2020 16:00,45.17,,7/9/2020 16:00,96.99
2/1/2021 16:00,54.64,,9/25/2020 16:00,9.35,,7/10/2020 16:00,46.25,,7/10/2020 16:00,97.99
2/2/2021 16:00,59.31,,9/28/2020 16:00,9.17,,7/13/2020 16:00,44.48,,7/13/2020 16:00,96.46
2/3/2021 16:00,60.11,,9/29/2020 16:00,9.3,,7/14/2020 16:00,45.57,,7/14/2020 16:00,96.76
2/4/2021 16:00,63.16,,9/30/2020 16:00,9,,7/15/2020 16:00,47.12,,7/15/2020 16:00,98.54
2/5/2021 16:00,63.87,,10/1/2020 16:00,10.72,,7/16/2020 16:00,46.73,,7/16/2020 16:00,97.26
2/8/2021 16:00,61.97,,10/2/2020 16:00,12.09,,7/17/2020 16:00,46.06,,7/17/2020 16:00,96.28
2/9/2021 16:00,62.13,,10/5/2020 16:00,13.5,,7/20/2020 16:00,46.26,,7/20/2020 16:00,95.65
2/10/2021 16:00,62.71,,10/6/2020 16:00,12.93,,7/21/2020 16:00,45.84,,7/21/2020 16:00,98.36
2/11/2021 16:00,59.19,,10/7/2020 16:00,12.2,,7/22/2020 16:00,45.93,,7/22/2020 16:00,98.91
2/12/2021 16:00,61.07,,10/8/2020 16:00,10.26,,7/23/2020 16:00,45.56,,7/23/2020 16:00,98.3
2/16/2021 16:00,60.5,,10/9/2020 16:00,10.07,,7/24/2020 16:00,44.72,,7/24/2020 16:00,98.43
2/17/2021 16:00,58.86,,10/12/2020 16:00,9.86,,7/27/2020 16:00,44.91,,7/27/2020 16:00,97.21
2/18/2021 16:00,58.28,,10/13/2020 16:00,9.71,,7/28/2020 16:00,44.9,,7/28/2020 16:00,96.27
2/19/2021 16:00,60.91,,10/14/2020 16:00,9.32,,7/29/2020 16:00,44.56,,7/29/2020 16:00,96.97
2/22/2021 16:00,60.37,,10/15/2020 16:00,10.79,,7/30/2020 16:00,45.43,,7/30/2020 16:00,96.82
2/23/2021 16:00,60.27,,10/16/2020 16:00,12.01,,7/31/2020 16:00,46.61,,7/31/2020 16:00,97.61
2/24/2021 16:00,60.28,,10/19/2020 16:00,11.97,,8/3/2020 16:00,44.17,,8/3/2020 16:00,98.33
2/25/2021 16:00,57.81,,10/20/2020 16:00,12.2,,8/4/2020 16:00,44.31,,8/4/2020 16:00,97.33
2/26/2021 16:00,61.53,,10/21/2020 16:00,12.5,,8/5/2020 16:00,45.26,,8/5/2020 16:00,100.94
3/1/2021 16:00,68.72,,10/22/2020 16:00,12.4,,8/6/2020 16:00,45.42,,8/6/2020 16:00,100.45
3/2/2021 16:00,68.58,,10/23/2020 16:00,13.49,,8/7/2020 16:00,43.7,,8/7/2020 16:00,101.86
3/3/2021 16:00,65.75,,10/26/2020 16:00,13.73,,8/10/2020 16:00,44.09,,8/10/2020 16:00,105.41
3/4/2021 16:00,61.91,,10/27/2020 16:00,13.8,,8/11/2020 16:00,45.41,,8/11/2020 16:00,105.12
3/5/2021 16:00,59.52,,10/28/2020 16:00,13.73,,8/12/2020 16:00,45.51,,8/12/2020 16:00,105.22
3/8/2021 16:00,60.5,,10/29/2020 16:00,13.64,,8/13/2020 16:00,45.83,,8/13/2020 16:00,106.52
3/9/2021 16:00,62.2,,10/30/2020 16:00,13.49,,8/14/2020 16:00,45.37,,8/14/2020 16:00,106.43
3/10/2021 16:00,69.29,,11/2/2020 16:00,13.8,,8/17/2020 16:00,44.89,,8/17/2020 16:00,105.66
3/11/2021 16:00,71.61,,11/3/2020 16:00,14.93,,8/18/2020 16:00,44.77,,8/18/2020 16:00,106.97
3/12/2021 16:00,71.75,,11/4/2020 16:00,14.28,,8/19/2020 16:00,44.68,,8/19/2020 16:00,108.39
3/15/2021 16:00,67.75,,11/5/2020 16:00,14.78,,8/20/2020 16:00,44.03,,8/20/2020 16:00,108.01
3/16/2021 16:00,67.14,,11/6/2020 16:00,14.92,,8/21/2020 16:00,42.73,,8/21/2020 16:00,109.75
3/17/2021 16:00,70.65,,11/9/2020 16:00,14.65,,8/24/2020 16:00,44.98,,8/24/2020 16:00,111.83
3/18/2021 16:00,67.61,,11/10/2020 16:00,15.65,,8/25/2020 16:00,44.5,,8/25/2020 16:00,111.51
3/19/2021 16:00,71.98,,11/11/2020 16:00,16.03,,8/26/2020 16:00,45.46,,8/26/2020 16:00,111.53
3/22/2021 16:00,71.72,,11/12/2020 16:00,15.42,,8/27/2020 16:00,45.14,,8/27/2020 16:00,110.84
3/23/2021 16:00,69.75,,11/13/2020 16:00,15.32,,8/28/2020 16:00,44.92,,8/28/2020 16:00,112.29
3/24/2021 16:00,66.63,,11/16/2020 16:00,18.59,,8/31/2020 16:00,44.07,,8/31/2020 16:00,111.89
3/25/2021 16:00,65.86,,11/17/2020 16:00,21.66,,9/1/2020 16:00,43.53,,9/1/2020 16:00,114.84
3/26/2021 16:00,63.6,,11/18/2020 16:00,20.83,,9/2/2020 16:00,44.36,,9/2/2020 16:00,116.8
3/29/2021 16:00,58.2,,11/19/2020 16:00,22.2,,9/3/2020 16:00,42.52,,9/3/2020 16:00,112.85
3/30/2021 16:00,61,,11/20/2020 16:00,23.65,,9/4/2020 16:00,43.08,,9/4/2020 16:00,112.4
3/31/2021 16:00,61.33,,11/23/2020 16:00,25.75,,9/8/2020 16:00,42.72,,9/8/2020 16:00,112.72
4/1/2021 16:00,62.88,,11/24/2020 16:00,24.85,,9/9/2020 16:00,42.26,,9/9/2020 16:00,114.9
4/5/2021 16:00,62.63,,11/25/2020 16:00,25.26,,9/10/2020 16:00,42.46,,9/10/2020 16:00,114.79
4/6/2021 16:00,63.8,,11/27/2020 13:00,27.1,,9/11/2020 16:00,41.4,,9/11/2020 16:00,118
4/7/2021 16:00,62.09,,11/30/2020 16:00,27.7,,9/14/2020 16:00,41.12,,9/14/2020 16:00,119.28
4/8/2021 16:00,61.11,,12/1/2020 16:00,26.74,,9/15/2020 16:00,41.15,,9/15/2020 16:00,119.27
4/9/2021 16:00,62.31,,12/2/2020 16:00,27.4,,9/16/2020 16:00,41.08,,9/16/2020 16:00,118.59
4/12/2021 16:00,58.03,,12/3/2020 16:00,26.9,,9/17/2020 16:00,40.73,,9/17/2020 16:00,116.36
4/13/2021 16:00,59.24,,12/4/2020 16:00,27,,9/18/2020 16:00,40.16,,9/18/2020 16:00,114.66
4/14/2021 16:00,58.88,,12/7/2020 16:00,27.6,,9/21/2020 16:00,39.36,,9/21/2020 16:00,113.37
4/15/2021 16:00,57.48,,12/8/2020 16:00,29,,9/22/2020 16:00,39.21,,9/22/2020 16:00,116.87
4/16/2021 16:00,57.98,,12/9/2020 16:00,29.79,,9/23/2020 16:00,38.35,,9/23/2020 16:00,127.11
4/19/2021 16:00,56.68,,12/10/2020 16:00,28.9,,9/24/2020 16:00,38.82,,9/24/2020 16:00,124.75
4/20/2021 16:00,55.71,,12/11/2020 16:00,27.58,,9/25/2020 16:00,39.15,,9/25/2020 16:00,124.23
4/21/2021 16:00,58.78,,12/14/2020 16:00,27.15,,9/28/2020 16:00,39.87,,9/28/2020 16:00,124.32
4/22/2021 16:00,57.17,,12/15/2020 16:00,26.47,,9/29/2020 16:00,40.03,,9/29/2020 16:00,126.35
4/23/2021 16:00,58.12,,12/16/2020 16:00,29.7,,9/30/2020 16:00,40.47,,9/30/2020 16:00,125.54
4/26/2021 16:00,59.23,,12/17/2020 16:00,35.32,,10/1/2020 16:00,40.37,,10/1/2020 16:00,126.64
4/27/2021 16:00,59.13,,12/18/2020 16:00,39.25,,10/2/2020 16:00,40.16,,10/2/2020 16:00,126.64
4/28/2021 16:00,59.69,,12/21/2020 16:00,49.48,,10/5/2020 16:00,39.22,,10/5/2020 16:00,127.91
4/29/2021 16:00,57.46,,12/22/2020 16:00,62,,10/6/2020 16:00,39.76,,10/6/2020 16:00,127.65
4/30/2021 16:00,56.66,,12/23/2020 16:00,52.59,,10/7/2020 16:00,40.08,,10/7/2020 16:00,130.06
5/3/2021 16:00,57.08,,12/24/2020 13:00,44.18,,10/8/2020 16:00,39.85,,10/8/2020 16:00,129.71
5/4/2021 16:00,56.13,,12/28/2020 16:00,38.94,,10/9/2020 16:00,40.16,,10/9/2020 16:00,130.98
5/5/2021 16:00,56.18,,12/29/2020 16:00,38.74,,10/12/2020 16:00,40.08,,10/12/2020 16:00,129.46
5/6/2021 16:00,51.89,,12/30/2020 16:00,33.31,,10/13/2020 16:00,40.57,,10/13/2020 16:00,129.2
5/7/2021 16:00,48.42,,12/31/2020 16:00,28,,10/14/2020 16:00,41.65,,10/14/2020 16:00,127.66
5/10/2021 16:00,45.34,,1/4/2021 16:00,24.24,,10/15/2020 16:00,40.96,,10/15/2020 16:00,129
5/11/2021 16:00,44.01,,1/5/2021 16:00,27.33,,10/16/2020 16:00,39.78,,10/16/2020 16:00,128
5/12/2021 16:00,42.11,,1/6/2021 16:00,27.17,,10/19/2020 16:00,38.65,,10/19/2020 16:00,127.43
5/13/2021 16:00,40.99,,1/7/2021 16:00,28.37,,10/20/2020 16:00,38.71,,10/20/2020 16:00,128.49
5/14/2021 16:00,44.89,,1/8/2021 16:00,27.31,,10/21/2020 16:00,38.99,,10/21/2020 16:00,129.43
5/17/2021 16:00,43.51,,1/11/2021 16:00,27.19,,10/22/2020 16:00,38.6,,10/22/2020 16:00,130.02
5/18/2021 16:00,44.27,,1/12/2021 16:00,36.48,,10/23/2020 16:00,38.28,,10/23/2020 16:00,129.99
5/19/2021 16:00,43.44,,1/13/2021 16:00,35.8,,10/26/2020 16:00,37.65,,10/26/2020 16:00,128.37
5/20/2021 16:00,44.54,,1/14/2021 16:00,35.62,,10/27/2020 16:00,37.48,,10/27/2020 16:00,127.99
5/21/2021 16:00,44.63,,1/15/2021 16:00,32.13,,10/28/2020 16:00,36.65,,10/28/2020 16:00,122.08
5/24/2021 16:00,47.86,,1/19/2021 16:00,30.74,,10/29/2020 16:00,37.33,,10/29/2020 16:00,122.86
5/25/2021 16:00,48.42,,1/20/2021 16:00,30.15,,10/30/2020 16:00,36.36,,10/30/2020 16:00,120.08
,,,1/21/2021 16:00,35.5,,11/2/2020 16:00,38.41,,11/2/2020 16:00,122.39
,,,1/22/2021 16:00,37.72,,11/3/2020 16:00,38.5,,11/3/2020 16:00,124.59
,,,1/25/2021 16:00,40.98,,11/4/2020 16:00,39.1,,11/4/2020 16:00,127.34
,,,1/26/2021 16:00,43.92,,11/5/2020 16:00,37.78,,11/5/2020 16:00,129.7
,,,1/27/2021 16:00,46.75,,11/6/2020 16:00,38.92,,11/6/2020 16:00,128.9
,,,1/28/2021 16:00,39.85,,11/9/2020 16:00,40.23,,11/9/2020 16:00,128.95
,,,1/29/2021 16:00,42.25,,11/10/2020 16:00,40.53,,11/10/2020 16:00,127.71
,,,2/1/2021 16:00,52.4,,11/11/2020 16:00,41.11,,11/11/2020 16:00,127.66
,,,2/2/2021 16:00,48.46,,11/12/2020 16:00,40.3,,11/12/2020 16:00,126.64
,,,2/3/2021 16:00,49.1,,11/13/2020 16:00,40.88,,11/13/2020 16:00,128.28
,,,2/4/2021 16:00,51.05,,11/16/2020 16:00,42.26,,11/16/2020 16:00,130.11
,,,2/5/2021 16:00,48.78,,11/17/2020 16:00,42.23,,11/17/2020 16:00,132.21
,,,2/8/2021 16:00,46.32,,11/18/2020 16:00,41.47,,11/18/2020 16:00,131.63
,,,2/9/2021 16:00,46.75,,11/19/2020 16:00,41.95,,11/19/2020 16:00,131.91
,,,2/10/2021 16:00,45.85,,11/20/2020 16:00,40.97,,11/20/2020 16:00,132.98
,,,2/11/2021 16:00,43.89,,11/23/2020 16:00,41.3,,11/23/2020 16:00,134.13
,,,2/12/2021 16:00,46.66,,11/24/2020 16:00,42.03,,11/24/2020 16:00,134.7
,,,2/16/2021 16:00,43.28,,11/25/2020 16:00,41.97,,11/25/2020 16:00,135.54
,,,2/17/2021 16:00,45.96,,11/27/2020 13:00,41.8,,11/27/2020 13:00,134.25
,,,2/18/2021 16:00,42.23,,11/30/2020 16:00,43.04,,11/30/2020 16:00,134.7
,,,2/19/2021 16:00,42.95,,12/1/2020 16:00,44.86,,12/1/2020 16:00,135.44
,,,2/22/2021 16:00,40.82,,12/2/2020 16:00,44.48,,12/2/2020 16:00,135.58
,,,2/23/2021 16:00,38.93,,12/3/2020 16:00,44.12,,12/3/2020 16:00,136.96
,,,2/24/2021 16:00,39.41,,12/4/2020 16:00,44.97,,12/4/2020 16:00,137.19
,,,2/25/2021 16:00,34.91,,12/7/2020 16:00,44.3,,12/7/2020 16:00,138.75
,,,2/26/2021 16:00,35.3,,12/8/2020 16:00,43.77,,12/8/2020 16:00,139.12
,,,3/1/2021 16:00,38.78,,12/9/2020 16:00,43.82,,12/9/2020 16:00,138.79
,,,3/2/2021 16:00,41.89,,12/10/2020 16:00,44.44,,12/10/2020 16:00,137.58
,,,3/3/2021 16:00,34.14,,12/11/2020 16:00,44.25,,12/11/2020 16:00,137.41
,,,3/4/2021 16:00,32.11,,12/14/2020 16:00,44.61,,12/14/2020 16:00,136.28
,,,3/5/2021 16:00,29.96,,12/15/2020 16:00,45.68,,12/15/2020 16:00,139.39
,,,3/8/2021 16:00,27.31,,12/16/2020 16:00,45.53,,12/16/2020 16:00,138.34
,,,3/9/2021 16:00,28.91,,12/17/2020 16:00,47.49,,12/17/2020 16:00,140.5
,,,3/10/2021 16:00,30.05,,12/18/2020 16:00,46.43,,12/18/2020 16:00,137.28
,,,3/11/2021 16:00,33.65,,12/21/2020 16:00,46.19,,12/21/2020 16:00,144.02
,,,3/12/2021 16:00,32.31,,12/22/2020 16:00,47.14,,12/22/2020 16:00,142.45
,,,3/15/2021 16:00,33.43,,12/23/2020 16:00,47.76,,12/23/2020 16:00,141.76
,,,3/16/2021 16:00,31.96,,12/24/2020 13:00,47.32,,12/24/2020 13:00,141.6
,,,3/17/2021 16:00,32.05,,12/28/2020 16:00,47.92,,12/28/2020 16:00,142.43
,,,3/18/2021 16:00,30.21,,12/29/2020 16:00,48.17,,12/29/2020 16:00,141.57
,,,3/19/2021 16:00,31.42,,12/30/2020 16:00,48.38,,12/30/2020 16:00,141.58
,,,3/22/2021 16:00,31.53,,12/31/2020 16:00,48.05,,12/31/2020 16:00,141.47
,,,3/23/2021 16:00,30.09,,1/4/2021 16:00,47.22,,1/4/2021 16:00,140.1
,,,3/24/2021 16:00,26.85,,1/5/2021 16:00,48.02,,1/5/2021 16:00,141.23
,,,3/25/2021 16:00,25.89,,1/6/2021 16:00,48.5,,1/6/2021 16:00,142.35
,,,3/26/2021 16:00,21.88,,1/7/2021 16:00,48.43,,1/7/2021 16:00,144.95
,,,3/29/2021 16:00,21.06,,1/8/2021 16:00,48.24,,1/8/2021 16:00,146.35
,,,3/30/2021 16:00,21.75,,1/11/2021 16:00,47.25,,1/11/2021 16:00,147.05
,,,3/31/2021 16:00,22.12,,1/12/2021 16:00,48.71,,1/12/2021 16:00,145.05
,,,4/1/2021 16:00,22.44,,1/13/2021 16:00,50.18,,1/13/2021 16:00,143.04
,,,4/5/2021 16:00,21.49,,1/14/2021 16:00,51.68,,1/14/2021 16:00,141.3
,,,4/6/2021 16:00,22.37,,1/15/2021 16:00,50.83,,1/15/2021 16:00,140.72
,,,4/7/2021 16:00,20.74,,1/19/2021 16:00,52.08,,1/19/2021 16:00,139.27
,,,4/8/2021 16:00,20.7,,1/20/2021 16:00,51.55,,1/20/2021 16:00,142.8
,,,4/9/2021 16:00,23.31,,1/21/2021 16:00,52.59,,1/21/2021 16:00,141.61
,,,4/12/2021 16:00,21.35,,1/22/2021 16:00,55.52,,1/22/2021 16:00,139.35
,,,4/13/2021 16:00,21.24,,1/25/2021 16:00,53.96,,1/25/2021 16:00,137.55
,,,4/14/2021 16:00,20.97,,1/26/2021 16:00,57.46,,1/26/2021 16:00,135.1
,,,4/15/2021 16:00,19.29,,1/27/2021 16:00,57.44,,1/27/2021 16:00,131.02
,,,4/16/2021 16:00,18.86,,1/28/2021 16:00,56.49,,1/28/2021 16:00,134.72
,,,4/19/2021 16:00,19.43,,1/29/2021 16:00,56.33,,1/29/2021 16:00,133.59
,,,4/20/2021 16:00,18.58,,2/1/2021 16:00,57.58,,2/1/2021 16:00,135.71
,,,4/21/2021 16:00,19.71,,2/2/2021 16:00,57.16,,2/2/2021 16:00,139.59
,,,4/22/2021 16:00,20.38,,2/3/2021 16:00,56.51,,2/3/2021 16:00,138.63
,,,4/23/2021 16:00,20.66,,2/4/2021 16:00,56,,2/4/2021 16:00,140.63
,,,4/26/2021 16:00,21.79,,2/5/2021 16:00,49.23,,2/5/2021 16:00,145.11
,,,4/27/2021 16:00,22.11,,2/8/2021 16:00,47.42,,2/8/2021 16:00,143.41
,,,4/28/2021 16:00,21.78,,2/9/2021 16:00,47.24,,2/9/2021 16:00,141.79
,,,4/29/2021 16:00,20.66,,2/10/2021 16:00,46.68,,2/10/2021 16:00,142.46
,,,4/30/2021 16:00,20.16,,2/11/2021 16:00,47.06,,2/11/2021 16:00,143.54
,,,5/3/2021 16:00,19.76,,2/12/2021 16:00,46.41,,2/12/2021 16:00,142.12
,,,5/4/2021 16:00,18.88,,2/16/2021 16:00,46.5,,2/16/2021 16:00,141.71
,,,5/5/2021 16:00,18,,2/17/2021 16:00,47.49,,2/17/2021 16:00,143.99
,,,5/6/2021 16:00,17.07,,2/18/2021 16:00,47.27,,2/18/2021 16:00,145.09
,,,5/7/2021 16:00,17.24,,2/19/2021 16:00,46.81,,2/19/2021 16:00,142.02
,,,5/10/2021 16:00,16.35,,2/22/2021 16:00,47.73,,2/22/2021 16:00,136.67
,,,5/11/2021 16:00,17.67,,2/23/2021 16:00,48.24,,2/23/2021 16:00,136.13
,,,5/12/2021 16:00,19.38,,2/24/2021 16:00,49.81,,2/24/2021 16:00,135.65
,,,5/13/2021 16:00,18.27,,2/25/2021 16:00,48.9,,2/25/2021 16:00,135.54
,,,5/14/2021 16:00,20.53,,2/26/2021 16:00,49.4,,2/26/2021 16:00,134.78
,,,5/17/2021 16:00,20.4,,3/1/2021 16:00,52.49,,3/1/2021 16:00,137.65
,,,5/18/2021 16:00,21.42,,3/2/2021 16:00,52.9,,3/2/2021 16:00,137.02
,,,5/19/2021 16:00,20.57,,3/3/2021 16:00,51.82,,3/3/2021 16:00,134.26
,,,5/20/2021 16:00,20.56,,3/4/2021 16:00,52.58,,3/4/2021 16:00,132.04
,,,5/21/2021 16:00,20.29,,3/5/2021 16:00,54.5,,3/5/2021 16:00,133.35
,,,5/24/2021 16:00,21.44,,3/8/2021 16:00,56.75,,3/8/2021 16:00,134.56
,,,5/25/2021 16:00,21,,3/9/2021 16:00,56.07,,3/9/2021 16:00,135.95
,,,,,,3/10/2021 16:00,57.22,,3/10/2021 16:00,137.59
,,,,,,3/11/2021 16:00,58.28,,3/11/2021 16:00,141.19
,,,,,,3/12/2021 16:00,57.21,,3/12/2021 16:00,140.45
,,,,,,3/15/2021 16:00,57.67,,3/15/2021 16:00,144.94
,,,,,,3/16/2021 16:00,57.72,,3/16/2021 16:00,144.65
,,,,,,3/17/2021 16:00,56.57,,3/17/2021 16:00,144.82
,,,,,,3/18/2021 16:00,55.96,,3/18/2021 16:00,143.17
,,,,,,3/19/2021 16:00,57.12,,3/19/2021 16:00,137.49
,,,,,,3/22/2021 16:00,57.74,,3/22/2021 16:00,138.27
,,,,,,3/23/2021 16:00,56.37,,3/23/2021 16:00,137.12
,,,,,,3/24/2021 16:00,56.59,,3/24/2021 16:00,133.16
,,,,,,3/25/2021 16:00,55.25,,3/25/2021 16:00,128.64
,,,,,,3/26/2021 16:00,55,,3/26/2021 16:00,132.99
,,,,,,3/29/2021 16:00,56.09,,3/29/2021 16:00,133.49
,,,,,,3/30/2021 16:00,55.95,,3/30/2021 16:00,132.95
,,,,,,3/31/2021 16:00,54.26,,3/31/2021 16:00,132.89
,,,,,,4/1/2021 16:00,55.59,,4/1/2021 16:00,132.53
,,,,,,4/5/2021 16:00,55.49,,4/5/2021 16:00,135.12
,,,,,,4/6/2021 16:00,56.05,,4/6/2021 16:00,137.16
,,,,,,4/7/2021 16:00,56.5,,4/7/2021 16:00,136.54
,,,,,,4/8/2021 16:00,56.09,,4/8/2021 16:00,133.68
,,,,,,4/9/2021 16:00,58.36,,4/9/2021 16:00,135.45
,,,,,,4/12/2021 16:00,56.8,,4/12/2021 16:00,136.64
,,,,,,4/13/2021 16:00,56.35,,4/13/2021 16:00,133.54
,,,,,,4/14/2021 16:00,56.23,,4/14/2021 16:00,132.26
,,,,,,4/15/2021 16:00,56.74,,4/15/2021 16:00,133.67
,,,,,,4/16/2021 16:00,56.36,,4/16/2021 16:00,134.31
,,,,,,4/19/2021 16:00,56.74,,4/19/2021 16:00,132.57
,,,,,,4/20/2021 16:00,56.58,,4/20/2021 16:00,127.11
,,,,,,4/21/2021 16:00,56.94,,4/21/2021 16:00,129.9
,,,,,,4/22/2021 16:00,56.22,,4/22/2021 16:00,129.18
,,,,,,4/23/2021 16:00,54.23,,4/23/2021 16:00,130.19
,,,,,,4/26/2021 16:00,55.62,,4/26/2021 16:00,131.6
,,,,,,4/27/2021 16:00,55.75,,4/27/2021 16:00,132.11
,,,,,,4/28/2021 16:00,55.55,,4/28/2021 16:00,130.71
,,,,,,4/29/2021 16:00,55.68,,4/29/2021 16:00,133.26
,,,,,,4/30/2021 16:00,55.11,,4/30/2021 16:00,132.62
,,,,,,5/3/2021 16:00,55.89,,5/3/2021 16:00,133.03
,,,,,,5/4/2021 16:00,54.34,,5/4/2021 16:00,131.55
,,,,,,5/5/2021 16:00,54.21,,5/5/2021 16:00,132.21
,,,,,,5/6/2021 16:00,54.96,,5/6/2021 16:00,133.49
,,,,,,5/7/2021 16:00,54.87,,5/7/2021 16:00,137.81
,,,,,,5/10/2021 16:00,54.59,,5/10/2021 16:00,136.4
,,,,,,5/11/2021 16:00,54.05,,5/11/2021 16:00,137.12
,,,,,,5/12/2021 16:00,52.81,,5/12/2021 16:00,133.39
,,,,,,5/13/2021 16:00,52.81,,5/13/2021 16:00,133.61
,,,,,,5/14/2021 16:00,53.69,,5/14/2021 16:00,135.93
,,,,,,5/17/2021 16:00,53.9,,5/17/2021 16:00,136.41
,,,,,,5/18/2021 16:00,52.97,,5/18/2021 16:00,135.56
,,,,,,5/19/2021 16:00,52.69,,5/19/2021 16:00,132.96
,,,,,,5/20/2021 16:00,54.63,,5/20/2021 16:00,133.27
,,,,,,5/21/2021 16:00,57.55,,5/21/2021 16:00,132.66
,,,,,,5/24/2021 16:00,57.92,,5/24/2021 16:00,134.06
,,,,,,5/25/2021 16:00,57.28,,5/25/2021 16:00,134.32
